{
  "archipack_kitchen": {
    "base_height": 0.14999999105930328,
    "base_sink": 0.04999999701976776,
    "baseboard": true,
    "cabinet_num": 20,
    "cabinets": [
      {
        "angle": 0.0,
        "base_front": 0.0,
        "base_left": true,
        "base_right": false,
        "base_sink": 0.05000000074505806,
        "baseboard": true,
        "cab_location": "1",
        "counter": "1",
        "counter_x": 0.5,
        "counter_y": 0.4000000059604645,
        "dy": 0.0,
        "dz": 0.0,
        "idmat": [
          0,
          1,
          1,
          8,
          4,
          5,
          6,
          7,
          12,
          10,
          11,
          9,
          8,
          12,
          9,
          1,
          9,
          12,
          9,
          9,
          12
        ],
        "idmat_override": false,
        "lock_p": true,
        "modules": [
          {
            "handle": true,
            "idmat": [
              0,
              1,
              1,
              8,
              4,
              5,
              6,
              7,
              12,
              10,
              11,
              9,
              8,
              12,
              9,
              1,
              9,
              12,
              9,
              9,
              12
            ],
            "idmat_override": false,
            "modules": 6,
            "shelves": 1,
            "type": "1",
            "z": 0.7620000243186951
          }
        ],
        "n_modules": 1,
        "panel_left": false,
        "panel_left_width": 0.017999999225139618,
        "panel_right": false,
        "panel_right_width": 0.017999999225139618,
        "px": 0.0,
        "py": 0.0,
        "pz": 0.0,
        "reset_location": false,
        "rotate": "0",
        "type": "0",
        "uid": 120,
        "x": 0.6000000238418579
      },
      {
        "angle": 0.0,
        "base_front": 0.0,
        "base_left": false,
        "base_right": false,
        "base_sink": 0.05000000074505806,
        "baseboard": true,
        "cab_location": "1",
        "counter": "1",
        "counter_x": 0.5,
        "counter_y": 0.4000000059604645,
        "dy": 0.0,
        "dz": 0.0,
        "idmat": [
          0,
          1,
          1,
          8,
          4,
          5,
          6,
          7,
          12,
          10,
          11,
          9,
          8,
          12,
          9,
          1,
          9,
          12,
          9,
          9,
          12
        ],
        "idmat_override": false,
        "lock_p": true,
        "modules": [
          {
            "handle": true,
            "idmat": [
              0,
              1,
              1,
              8,
              4,
              5,
              6,
              7,
              12,
              10,
              11,
              9,
              8,
              12,
              9,
              1,
              9,
              12,
              9,
              9,
              12
            ],
            "idmat_override": false,
            "modules": 6,
            "shelves": 1,
            "type": "59",
            "z": 0.7620000243186951
          }
        ],
        "n_modules": 1,
        "panel_left": false,
        "panel_left_width": 0.017999999225139618,
        "panel_right": false,
        "panel_right_width": 0.017999999225139618,
        "px": 0.0,
        "py": 0.0,
        "pz": 0.0,
        "reset_location": false,
        "rotate": "0",
        "type": "0",
        "uid": 4,
        "x": 0.6000000238418579
      },
      {
        "angle": 0.0,
        "base_front": 0.0,
        "base_left": false,
        "base_right": false,
        "base_sink": 0.05000000074505806,
        "baseboard": true,
        "cab_location": "1",
        "counter": "11",
        "counter_x": 0.5,
        "counter_y": 0.4000000059604645,
        "dy": 0.0,
        "dz": 0.0,
        "idmat": [
          0,
          1,
          1,
          8,
          4,
          5,
          6,
          7,
          12,
          10,
          11,
          9,
          8,
          12,
          9,
          1,
          9,
          12,
          9,
          9,
          12
        ],
        "idmat_override": false,
        "lock_p": true,
        "modules": [
          {
            "handle": true,
            "idmat": [
              0,
              1,
              1,
              8,
              4,
              5,
              6,
              7,
              12,
              10,
              11,
              9,
              8,
              12,
              9,
              1,
              9,
              12,
              9,
              9,
              12
            ],
            "idmat_override": false,
            "modules": 6,
            "shelves": 1,
            "type": "1",
            "z": 0.7620000243186951
          }
        ],
        "n_modules": 1,
        "panel_left": false,
        "panel_left_width": 0.017999999225139618,
        "panel_right": false,
        "panel_right_width": 0.017999999225139618,
        "px": 0.0,
        "py": 0.0,
        "pz": 0.0,
        "reset_location": false,
        "rotate": "0",
        "type": "0",
        "uid": 8,
        "x": 0.6000000238418579
      },
      {
        "angle": 0.0,
        "base_front": 0.0,
        "base_left": false,
        "base_right": false,
        "base_sink": 0.05000000074505806,
        "baseboard": true,
        "cab_location": "1",
        "counter": "1",
        "counter_x": 0.5,
        "counter_y": 0.4000000059604645,
        "dy": 0.0,
        "dz": 0.0,
        "idmat": [
          0,
          1,
          1,
          8,
          4,
          5,
          6,
          7,
          12,
          10,
          11,
          9,
          8,
          12,
          9,
          1,
          9,
          12,
          9,
          9,
          12
        ],
        "idmat_override": false,
        "lock_p": true,
        "modules": [
          {
            "handle": true,
            "idmat": [
              0,
              1,
              1,
              8,
              4,
              5,
              6,
              7,
              12,
              10,
              11,
              9,
              8,
              12,
              9,
              1,
              9,
              12,
              9,
              9,
              12
            ],
            "idmat_override": false,
            "modules": 6,
            "shelves": 1,
            "type": "1",
            "z": 0.7620000243186951
          }
        ],
        "n_modules": 1,
        "panel_left": false,
        "panel_left_width": 0.017999999225139618,
        "panel_right": true,
        "panel_right_width": 0.05000000074505806,
        "px": 0.0,
        "py": 0.0,
        "pz": 0.0,
        "reset_location": false,
        "rotate": "0",
        "type": "0",
        "uid": 12,
        "x": 0.6000000238418579
      },
      {
        "angle": 0.0,
        "base_front": 0.0,
        "base_left": false,
        "base_right": false,
        "base_sink": 0.05000000074505806,
        "baseboard": true,
        "cab_location": "3",
        "counter": "1",
        "counter_x": 0.5,
        "counter_y": 0.4000000059604645,
        "dy": 0.0,
        "dz": 0.0,
        "idmat": [
          2,
          0,
          0,
          8,
          4,
          5,
          6,
          7,
          12,
          10,
          11,
          9,
          8,
          12,
          9,
          1,
          9,
          12,
          9,
          9,
          12
        ],
        "idmat_override": true,
        "lock_p": true,
        "modules": [
          {
            "handle": true,
            "idmat": [
              0,
              1,
              1,
              8,
              4,
              5,
              6,
              7,
              12,
              10,
              11,
              9,
              8,
              12,
              9,
              1,
              9,
              12,
              9,
              9,
              12
            ],
            "idmat_override": false,
            "modules": 16,
            "shelves": 4,
            "type": "3",
            "z": 0.7620000243186951
          }
        ],
        "n_modules": 1,
        "panel_left": false,
        "panel_left_width": 0.05000000074505806,
        "panel_right": false,
        "panel_right_width": 0.4179999828338623,
        "px": 0.0,
        "py": 0.0,
        "pz": 0.0,
        "reset_location": false,
        "rotate": "0",
        "type": "2",
        "uid": 16,
        "x": 1.2400000095367432
      },
      {
        "angle": 0.0,
        "base_front": 0.0,
        "base_left": false,
        "base_right": false,
        "base_sink": 0.05000000074505806,
        "baseboard": true,
        "cab_location": "3",
        "counter": "1",
        "counter_x": 0.5,
        "counter_y": 0.4000000059604645,
        "dy": 0.0,
        "dz": 0.0,
        "idmat": [
          2,
          0,
          0,
          8,
          4,
          5,
          6,
          7,
          12,
          10,
          11,
          9,
          8,
          12,
          9,
          1,
          9,
          12,
          9,
          9,
          12
        ],
        "idmat_override": true,
        "lock_p": true,
        "modules": [
          {
            "handle": true,
            "idmat": [
              0,
              1,
              1,
              8,
              4,
              5,
              6,
              7,
              12,
              10,
              11,
              9,
              8,
              12,
              9,
              1,
              9,
              12,
              9,
              9,
              12
            ],
            "idmat_override": false,
            "modules": 16,
            "shelves": 1,
            "type": "1",
            "z": 0.7620000243186951
          }
        ],
        "n_modules": 1,
        "panel_left": false,
        "panel_left_width": 0.017999999225139618,
        "panel_right": false,
        "panel_right_width": 0.017999999225139618,
        "px": 0.0,
        "py": 0.0,
        "pz": 0.0,
        "reset_location": false,
        "rotate": "0",
        "type": "0",
        "uid": 20,
        "x": 0.30000001192092896
      },
      {
        "angle": 0.0,
        "base_front": 0.0,
        "base_left": false,
        "base_right": false,
        "base_sink": 0.05000000074505806,
        "baseboard": true,
        "cab_location": "3",
        "counter": "1",
        "counter_x": 0.5,
        "counter_y": 0.4000000059604645,
        "dy": 0.0,
        "dz": 0.0,
        "idmat": [
          2,
          0,
          0,
          8,
          4,
          5,
          6,
          7,
          12,
          10,
          11,
          9,
          8,
          12,
          9,
          1,
          9,
          12,
          9,
          9,
          12
        ],
        "idmat_override": true,
        "lock_p": true,
        "modules": [
          {
            "handle": true,
            "idmat": [
              0,
              1,
              1,
              8,
              4,
              5,
              6,
              7,
              12,
              10,
              11,
              9,
              8,
              12,
              9,
              1,
              9,
              12,
              9,
              9,
              12
            ],
            "idmat_override": false,
            "modules": 2,
            "shelves": 1,
            "type": "1",
            "z": 0.7620000243186951
          },
          {
            "handle": true,
            "idmat": [
              0,
              1,
              1,
              8,
              4,
              5,
              6,
              7,
              12,
              10,
              11,
              9,
              8,
              12,
              9,
              1,
              9,
              12,
              9,
              9,
              12
            ],
            "idmat_override": false,
            "modules": 1,
            "shelves": 1,
            "type": "1",
            "z": 0.7620000243186951
          },
          {
            "handle": true,
            "idmat": [
              0,
              1,
              1,
              8,
              4,
              5,
              6,
              7,
              12,
              10,
              11,
              9,
              8,
              12,
              9,
              1,
              9,
              12,
              9,
              9,
              12
            ],
            "idmat_override": false,
            "modules": 0,
            "shelves": 1,
            "type": "54",
            "z": 0.6000000238418579
          },
          {
            "handle": true,
            "idmat": [
              0,
              1,
              1,
              8,
              4,
              5,
              6,
              7,
              12,
              10,
              11,
              9,
              8,
              12,
              9,
              1,
              9,
              12,
              9,
              9,
              12
            ],
            "idmat_override": false,
            "modules": 0,
            "shelves": 1,
            "type": "54",
            "z": 0.44999998807907104
          },
          {
            "handle": true,
            "idmat": [
              0,
              1,
              1,
              8,
              4,
              5,
              6,
              7,
              12,
              10,
              11,
              9,
              8,
              12,
              9,
              1,
              9,
              12,
              9,
              9,
              12
            ],
            "idmat_override": false,
            "modules": 6,
            "shelves": 1,
            "type": "1",
            "z": 0.7620000243186951
          }
        ],
        "n_modules": 5,
        "panel_left": false,
        "panel_left_width": 0.017999999225139618,
        "panel_right": false,
        "panel_right_width": 0.017999999225139618,
        "px": 0.0,
        "py": 0.0,
        "pz": 0.0,
        "reset_location": false,
        "rotate": "0",
        "type": "0",
        "uid": 24,
        "x": 0.6000000238418579
      },
      {
        "angle": 0.0,
        "base_front": 0.0,
        "base_left": false,
        "base_right": false,
        "base_sink": 0.05000000074505806,
        "baseboard": true,
        "cab_location": "3",
        "counter": "1",
        "counter_x": 0.5,
        "counter_y": 0.4000000059604645,
        "dy": 0.0,
        "dz": 0.0,
        "idmat": [
          2,
          0,
          0,
          8,
          4,
          5,
          6,
          7,
          12,
          10,
          11,
          9,
          8,
          12,
          9,
          1,
          9,
          12,
          9,
          9,
          12
        ],
        "idmat_override": true,
        "lock_p": true,
        "modules": [
          {
            "handle": true,
            "idmat": [
              0,
              1,
              1,
              8,
              4,
              5,
              6,
              7,
              12,
              10,
              11,
              9,
              8,
              12,
              9,
              1,
              9,
              12,
              9,
              9,
              12
            ],
            "idmat_override": false,
            "modules": 16,
            "shelves": 0,
            "type": "2",
            "z": 0.7620000243186951
          }
        ],
        "n_modules": 1,
        "panel_left": false,
        "panel_left_width": 0.017999999225139618,
        "panel_right": false,
        "panel_right_width": 0.017999999225139618,
        "px": 0.0,
        "py": 0.0,
        "pz": 0.0,
        "reset_location": false,
        "rotate": "0",
        "type": "0",
        "uid": 28,
        "x": 0.6000000238418579
      },
      {
        "angle": 0.0,
        "base_front": 0.0,
        "base_left": false,
        "base_right": false,
        "base_sink": 0.05000000074505806,
        "baseboard": true,
        "cab_location": "3",
        "counter": "1",
        "counter_x": 0.5,
        "counter_y": 0.4000000059604645,
        "dy": 0.0,
        "dz": 0.0,
        "idmat": [
          2,
          0,
          0,
          8,
          4,
          5,
          6,
          7,
          12,
          10,
          11,
          9,
          8,
          12,
          9,
          1,
          9,
          12,
          9,
          9,
          12
        ],
        "idmat_override": true,
        "lock_p": true,
        "modules": [
          {
            "handle": true,
            "idmat": [
              0,
              1,
              1,
              8,
              4,
              5,
              6,
              7,
              12,
              10,
              11,
              9,
              8,
              12,
              9,
              1,
              9,
              12,
              9,
              9,
              12
            ],
            "idmat_override": false,
            "modules": 16,
            "shelves": 0,
            "type": "2",
            "z": 0.7620000243186951
          }
        ],
        "n_modules": 1,
        "panel_left": false,
        "panel_left_width": 0.017999999225139618,
        "panel_right": false,
        "panel_right_width": 0.017999999225139618,
        "px": 0.0,
        "py": 0.0,
        "pz": 0.0,
        "reset_location": false,
        "rotate": "0",
        "type": "0",
        "uid": 32,
        "x": 0.6000000238418579
      },
      {
        "angle": 0.0,
        "base_front": 0.0,
        "base_left": false,
        "base_right": false,
        "base_sink": 0.05000000074505806,
        "baseboard": true,
        "cab_location": "3",
        "counter": "1",
        "counter_x": 0.5,
        "counter_y": 0.4000000059604645,
        "dy": 0.0,
        "dz": 0.0,
        "idmat": [
          2,
          0,
          0,
          8,
          4,
          5,
          6,
          7,
          12,
          10,
          11,
          9,
          8,
          12,
          9,
          1,
          9,
          12,
          9,
          9,
          12
        ],
        "idmat_override": true,
        "lock_p": true,
        "modules": [
          {
            "handle": true,
            "idmat": [
              0,
              1,
              1,
              8,
              4,
              5,
              6,
              7,
              12,
              10,
              11,
              9,
              8,
              12,
              9,
              1,
              9,
              12,
              9,
              9,
              12
            ],
            "idmat_override": false,
            "modules": 16,
            "shelves": 4,
            "type": "2",
            "z": 0.7620000243186951
          }
        ],
        "n_modules": 1,
        "panel_left": false,
        "panel_left_width": 0.017999999225139618,
        "panel_right": false,
        "panel_right_width": 0.017999999225139618,
        "px": 0.0,
        "py": 0.0,
        "pz": 0.0,
        "reset_location": false,
        "rotate": "0",
        "type": "0",
        "uid": 36,
        "x": 0.44999998807907104
      },
      {
        "angle": 0.0,
        "base_front": 0.0,
        "base_left": true,
        "base_right": false,
        "base_sink": 0.06799999624490738,
        "baseboard": true,
        "cab_location": "3",
        "counter": "1",
        "counter_x": 0.5,
        "counter_y": 0.4000000059604645,
        "dy": -0.29999998211860657,
        "dz": 0.0,
        "idmat": [
          0,
          0,
          0,
          8,
          4,
          5,
          6,
          7,
          12,
          10,
          11,
          9,
          8,
          12,
          9,
          1,
          9,
          12,
          9,
          9,
          12
        ],
        "idmat_override": true,
        "lock_p": true,
        "modules": [
          {
            "handle": true,
            "idmat": [
              0,
              1,
              1,
              8,
              4,
              5,
              6,
              7,
              12,
              10,
              11,
              9,
              8,
              12,
              9,
              1,
              9,
              12,
              9,
              9,
              12
            ],
            "idmat_override": false,
            "modules": 16,
            "shelves": 6,
            "type": "0",
            "z": 0.7620000243186951
          }
        ],
        "n_modules": 1,
        "panel_left": false,
        "panel_left_width": 0.017999999225139618,
        "panel_right": false,
        "panel_right_width": 0.017999999225139618,
        "px": -0.6079999804496765,
        "py": 0.0,
        "pz": 0.0,
        "reset_location": false,
        "rotate": "2",
        "type": "0",
        "uid": 40,
        "x": 0.6079999804496765
      },
      {
        "angle": 0.0,
        "base_front": 0.0,
        "base_left": true,
        "base_right": false,
        "base_sink": 0.05000000074505806,
        "baseboard": true,
        "cab_location": "1",
        "counter": "1",
        "counter_x": 0.5,
        "counter_y": 0.4000000059604645,
        "dy": 0.0,
        "dz": 0.0,
        "idmat": [
          0,
          1,
          1,
          8,
          4,
          5,
          6,
          7,
          12,
          10,
          11,
          9,
          8,
          12,
          9,
          1,
          9,
          12,
          9,
          9,
          12
        ],
        "idmat_override": false,
        "lock_p": true,
        "modules": [
          {
            "handle": true,
            "idmat": [
              0,
              1,
              1,
              8,
              4,
              5,
              6,
              7,
              12,
              10,
              11,
              9,
              8,
              12,
              9,
              1,
              9,
              12,
              9,
              9,
              12
            ],
            "idmat_override": false,
            "modules": 6,
            "shelves": 1,
            "type": "1",
            "z": 0.7620000243186951
          }
        ],
        "n_modules": 1,
        "panel_left": true,
        "panel_left_width": 0.017999999225139618,
        "panel_right": false,
        "panel_right_width": 0.017999999225139618,
        "px": -2.1459999084472656,
        "py": -2.440000057220459,
        "pz": 0.0,
        "reset_location": false,
        "rotate": "1",
        "type": "0",
        "uid": 44,
        "x": 0.30000001192092896
      },
      {
        "angle": 0.0,
        "base_front": 0.0,
        "base_left": false,
        "base_right": false,
        "base_sink": 0.05000000074505806,
        "baseboard": true,
        "cab_location": "1",
        "counter": "1",
        "counter_x": 0.5,
        "counter_y": 0.4000000059604645,
        "dy": 0.0,
        "dz": 0.0,
        "idmat": [
          0,
          1,
          1,
          8,
          4,
          5,
          6,
          7,
          12,
          10,
          11,
          9,
          8,
          12,
          9,
          1,
          9,
          12,
          9,
          9,
          12
        ],
        "idmat_override": false,
        "lock_p": true,
        "modules": [
          {
            "handle": true,
            "idmat": [
              0,
              1,
              1,
              8,
              4,
              5,
              6,
              7,
              12,
              10,
              11,
              9,
              8,
              12,
              9,
              1,
              9,
              12,
              9,
              9,
              12
            ],
            "idmat_override": false,
            "modules": 6,
            "shelves": 1,
            "type": "1",
            "z": 0.7620000243186951
          }
        ],
        "n_modules": 1,
        "panel_left": false,
        "panel_left_width": 0.017999999225139618,
        "panel_right": false,
        "panel_right_width": 0.017999999225139618,
        "px": 0.0,
        "py": 0.0,
        "pz": 0.0,
        "reset_location": false,
        "rotate": "0",
        "type": "0",
        "uid": 48,
        "x": 0.6000000238418579
      },
      {
        "angle": 0.0,
        "base_front": 0.0,
        "base_left": false,
        "base_right": false,
        "base_sink": 0.05000000074505806,
        "baseboard": true,
        "cab_location": "1",
        "counter": "1",
        "counter_x": 0.5,
        "counter_y": 0.4000000059604645,
        "dy": 0.0,
        "dz": 0.0,
        "idmat": [
          0,
          1,
          1,
          8,
          4,
          5,
          6,
          7,
          12,
          10,
          11,
          9,
          8,
          12,
          9,
          1,
          9,
          12,
          9,
          9,
          12
        ],
        "idmat_override": false,
        "lock_p": true,
        "modules": [
          {
            "handle": true,
            "idmat": [
              0,
              1,
              1,
              8,
              4,
              5,
              6,
              7,
              12,
              10,
              11,
              9,
              8,
              12,
              9,
              1,
              9,
              12,
              9,
              9,
              12
            ],
            "idmat_override": false,
            "modules": 6,
            "shelves": 1,
            "type": "1",
            "z": 0.7620000243186951
          }
        ],
        "n_modules": 1,
        "panel_left": false,
        "panel_left_width": 0.017999999225139618,
        "panel_right": false,
        "panel_right_width": 0.017999999225139618,
        "px": 0.0,
        "py": 0.0,
        "pz": 0.0,
        "reset_location": false,
        "rotate": "0",
        "type": "0",
        "uid": 52,
        "x": 0.6000000238418579
      },
      {
        "angle": 0.0,
        "base_front": 0.0,
        "base_left": false,
        "base_right": false,
        "base_sink": 0.05000000074505806,
        "baseboard": true,
        "cab_location": "1",
        "counter": "1",
        "counter_x": 0.5,
        "counter_y": 0.4000000059604645,
        "dy": 0.0,
        "dz": 0.0,
        "idmat": [
          0,
          1,
          1,
          8,
          4,
          5,
          6,
          7,
          12,
          10,
          11,
          9,
          8,
          12,
          9,
          1,
          9,
          12,
          9,
          9,
          12
        ],
        "idmat_override": false,
        "lock_p": true,
        "modules": [
          {
            "handle": true,
            "idmat": [
              0,
              1,
              1,
              8,
              4,
              5,
              6,
              7,
              12,
              10,
              11,
              9,
              8,
              12,
              9,
              1,
              9,
              12,
              9,
              9,
              12
            ],
            "idmat_override": false,
            "modules": 6,
            "shelves": 1,
            "type": "1",
            "z": 0.7620000243186951
          }
        ],
        "n_modules": 1,
        "panel_left": false,
        "panel_left_width": 0.017999999225139618,
        "panel_right": false,
        "panel_right_width": 0.017999999225139618,
        "px": 0.0,
        "py": 0.0,
        "pz": 0.0,
        "reset_location": false,
        "rotate": "0",
        "type": "0",
        "uid": 56,
        "x": 0.6000000238418579
      },
      {
        "angle": 0.0,
        "base_front": 0.0,
        "base_left": false,
        "base_right": true,
        "base_sink": 0.05000000074505806,
        "baseboard": true,
        "cab_location": "1",
        "counter": "1",
        "counter_x": 0.5,
        "counter_y": 0.4000000059604645,
        "dy": 0.0,
        "dz": 0.0,
        "idmat": [
          0,
          1,
          1,
          8,
          4,
          5,
          6,
          7,
          12,
          10,
          11,
          9,
          8,
          12,
          9,
          1,
          9,
          12,
          9,
          9,
          12
        ],
        "idmat_override": false,
        "lock_p": true,
        "modules": [
          {
            "handle": true,
            "idmat": [
              0,
              1,
              1,
              8,
              4,
              5,
              6,
              7,
              12,
              10,
              11,
              9,
              8,
              12,
              9,
              1,
              9,
              12,
              9,
              9,
              12
            ],
            "idmat_override": false,
            "modules": 6,
            "shelves": 1,
            "type": "1",
            "z": 0.7620000243186951
          }
        ],
        "n_modules": 1,
        "panel_left": false,
        "panel_left_width": 0.017999999225139618,
        "panel_right": true,
        "panel_right_width": 0.017999999225139618,
        "px": 0.0,
        "py": 0.0,
        "pz": 0.0,
        "reset_location": false,
        "rotate": "0",
        "type": "0",
        "uid": 60,
        "x": 0.30000001192092896
      },
      {
        "angle": 0.0,
        "base_front": 0.0,
        "base_left": true,
        "base_right": false,
        "base_sink": 0.05000000074505806,
        "baseboard": true,
        "cab_location": "1",
        "counter": "1",
        "counter_x": 0.5,
        "counter_y": 0.4000000059604645,
        "dy": 0.0,
        "dz": 0.0,
        "idmat": [
          0,
          1,
          1,
          8,
          4,
          5,
          6,
          7,
          12,
          10,
          11,
          9,
          8,
          12,
          9,
          1,
          9,
          12,
          9,
          9,
          12
        ],
        "idmat_override": false,
        "lock_p": true,
        "modules": [
          {
            "handle": true,
            "idmat": [
              0,
              1,
              1,
              8,
              4,
              5,
              6,
              7,
              12,
              10,
              11,
              9,
              8,
              12,
              9,
              1,
              9,
              12,
              9,
              9,
              12
            ],
            "idmat_override": false,
            "modules": 2,
            "shelves": 1,
            "type": "1",
            "z": 0.7620000243186951
          },
          {
            "handle": true,
            "idmat": [
              0,
              1,
              1,
              8,
              4,
              5,
              6,
              7,
              12,
              10,
              11,
              9,
              8,
              12,
              9,
              1,
              9,
              12,
              9,
              9,
              12
            ],
            "idmat_override": false,
            "modules": 6,
            "shelves": 1,
            "type": "1",
            "z": 0.7620000243186951
          }
        ],
        "n_modules": 2,
        "panel_left": true,
        "panel_left_width": 0.017999999225139618,
        "panel_right": false,
        "panel_right_width": 0.017999999225139618,
        "px": 0.0,
        "py": 0.0,
        "pz": 0.0,
        "reset_location": false,
        "rotate": "3",
        "type": "0",
        "uid": 64,
        "x": 0.6000000238418579
      },
      {
        "angle": 0.0,
        "base_front": 0.0,
        "base_left": false,
        "base_right": false,
        "base_sink": 0.05000000074505806,
        "baseboard": true,
        "cab_location": "1",
        "counter": "2",
        "counter_x": 0.949999988079071,
        "counter_y": 0.5,
        "dy": 0.0,
        "dz": 0.0,
        "idmat": [
          0,
          1,
          1,
          8,
          4,
          5,
          6,
          7,
          12,
          10,
          11,
          9,
          8,
          12,
          9,
          1,
          9,
          12,
          9,
          9,
          12
        ],
        "idmat_override": false,
        "lock_p": true,
        "modules": [
          {
            "handle": true,
            "idmat": [
              0,
              1,
              1,
              8,
              4,
              5,
              6,
              7,
              12,
              10,
              11,
              9,
              8,
              12,
              9,
              1,
              9,
              12,
              9,
              9,
              12
            ],
            "idmat_override": false,
            "modules": 2,
            "shelves": 1,
            "type": "1",
            "z": 0.7620000243186951
          },
          {
            "handle": true,
            "idmat": [
              0,
              1,
              1,
              8,
              4,
              5,
              6,
              7,
              12,
              10,
              11,
              9,
              8,
              12,
              9,
              1,
              9,
              12,
              9,
              9,
              12
            ],
            "idmat_override": false,
            "modules": 2,
            "shelves": 1,
            "type": "1",
            "z": 0.7620000243186951
          }
        ],
        "n_modules": 2,
        "panel_left": false,
        "panel_left_width": 0.017999999225139618,
        "panel_right": false,
        "panel_right_width": 0.017999999225139618,
        "px": 0.0,
        "py": 0.0,
        "pz": 0.0,
        "reset_location": false,
        "rotate": "0",
        "type": "0",
        "uid": 68,
        "x": 0.8999999761581421
      },
      {
        "angle": 0.0,
        "base_front": 0.0,
        "base_left": false,
        "base_right": false,
        "base_sink": 0.05000000074505806,
        "baseboard": true,
        "cab_location": "1",
        "counter": "1",
        "counter_x": 0.5,
        "counter_y": 0.4000000059604645,
        "dy": 0.0,
        "dz": 0.0,
        "idmat": [
          0,
          1,
          1,
          8,
          4,
          5,
          6,
          7,
          12,
          10,
          11,
          9,
          8,
          12,
          9,
          1,
          9,
          12,
          9,
          9,
          12
        ],
        "idmat_override": false,
        "lock_p": true,
        "modules": [
          {
            "handle": true,
            "idmat": [
              0,
              1,
              1,
              8,
              4,
              5,
              6,
              7,
              12,
              10,
              11,
              9,
              8,
              12,
              9,
              1,
              9,
              12,
              9,
              9,
              12
            ],
            "idmat_override": false,
            "modules": 6,
            "shelves": 1,
            "type": "1",
            "z": 0.7620000243186951
          }
        ],
        "n_modules": 1,
        "panel_left": false,
        "panel_left_width": 0.017999999225139618,
        "panel_right": false,
        "panel_right_width": 0.017999999225139618,
        "px": 0.0,
        "py": 0.0,
        "pz": 0.0,
        "reset_location": false,
        "rotate": "0",
        "type": "0",
        "uid": 72,
        "x": 0.30000001192092896
      },
      {
        "angle": 0.0,
        "base_front": 0.0,
        "base_left": false,
        "base_right": true,
        "base_sink": 0.05000000074505806,
        "baseboard": true,
        "cab_location": "1",
        "counter": "1",
        "counter_x": 0.5,
        "counter_y": 0.4000000059604645,
        "dy": 0.0,
        "dz": 0.0,
        "idmat": [
          0,
          1,
          1,
          8,
          4,
          5,
          6,
          7,
          12,
          10,
          11,
          9,
          8,
          12,
          9,
          1,
          9,
          12,
          9,
          9,
          12
        ],
        "idmat_override": false,
        "lock_p": true,
        "modules": [
          {
            "handle": true,
            "idmat": [
              0,
              1,
              1,
              8,
              4,
              5,
              6,
              7,
              12,
              10,
              11,
              9,
              8,
              12,
              9,
              1,
              9,
              12,
              9,
              9,
              12
            ],
            "idmat_override": false,
            "modules": 2,
            "shelves": 1,
            "type": "1",
            "z": 0.7620000243186951
          },
          {
            "handle": true,
            "idmat": [
              0,
              1,
              1,
              8,
              4,
              5,
              6,
              7,
              12,
              10,
              11,
              9,
              8,
              12,
              9,
              1,
              9,
              12,
              9,
              9,
              12
            ],
            "idmat_override": false,
            "modules": 6,
            "shelves": 1,
            "type": "1",
            "z": 0.7620000243186951
          }
        ],
        "n_modules": 2,
        "panel_left": false,
        "panel_left_width": 0.017999999225139618,
        "panel_right": true,
        "panel_right_width": 0.017999999225139618,
        "px": 0.0,
        "py": 0.0,
        "pz": 0.0,
        "reset_location": false,
        "rotate": "0",
        "type": "0",
        "uid": 76,
        "x": 0.6000000238418579
      }
    ],
    "counter": true,
    "counter_chanfer": 0.0010000000474974513,
    "counter_y": 0.029999999329447746,
    "counter_z": 0.029999999329447746,
    "door_board_chanfer": 0.0010000000474974513,
    "door_chanfer": 0.0010000000474974513,
    "door_gap": 0.001999998465180397,
    "door_style": "11",
    "door_x": 0.2199999988079071,
    "door_y": 0.017999999225139618,
    "handle": "180",
    "handle_dx": 0.03099999949336052,
    "handle_dz": 0.1809999942779541,
    "handle_fit": true,
    "handle_r": 0.09999999403953552,
    "handle_space": 0.0,
    "handle_x": 0.029999999329447746,
    "handle_y": 0.03099999949336052,
    "handle_z": 0.029999999329447746,
    "idmat": [
      2,
      1,
      1,
      8,
      1,
      6,
      3,
      5,
      9,
      10,
      12,
      5,
      8,
      10,
      5,
      1,
      5,
      9,
      5,
      5,
      11
    ],
    "module_size": 0.1875,
    "modules_default": 4,
    "modules_full": 11,
    "modules_wall": 6,
    "thickness": 0.0279999990016222,
    "y": 0.5899999737739563,
    "yw": 0.38999998569488525,
    "z_default": 0.7620000243186951,
    "z_full": 2.0320000648498535,
    "z_mode": "1",
    "z_wall": 0.7620000243186951
  },
  "archipack_material": {
    "category": "kitchen",
    "material": "RED BLACK",
    "name": ""
  }
}