{
    "nodes": [
        {
            "bl_idname": "MtreeTrunk",
            "name": "Trunk Node",
            "outputs_count": 2,
            "location": [
                160.0,
                0.0
            ],
            "seed": 1,
            "length": 25.0,
            "radius": 0.4999999701976776,
            "end_radius": 0.0,
            "resolution": 1.0,
            "shape": 1.0,
            "randomness": 0.10000000149011612,
            "axis_attraction": 0.25
        },
        {
            "bl_idname": "MtreeBranch",
            "name": "Branch Node",
            "outputs_count": 1,
            "location": [
                400.0,
                0.0
            ],
            "seed": 0,
            "amount": 20,
            "split_angle": 0.6000000238418579,
            "max_split_number": 3,
            "radius": 0.6000000238418579,
            "end_radius": 0.0,
            "min_height": 0.22599998116493225,
            "length": 10.0,
            "shape_start": 1.0,
            "shape_end": 1.0,
            "shape_convexity": 0.30000001192092896,
            "resolution": 1.0,
            "randomness": 0.15000000596046448,
            "split_proba": 0.10000000149011612,
            "split_flatten": 0.5,
            "gravity_strength": 0.30000001192092896,
            "floor_avoidance": 1.0,
            "can_spawn_leafs": true
        },
        {
            "bl_idname": "MtreeParameters",
            "name": "Tree paramteters",
            "outputs_count": 0,
            "location": [
                660.0,
                0.0
            ],
            "resolution": 16,
            "create_leafs": false,
            "leaf_amount": 3000,
            "leaf_max_radius": 0.10000000149011612,
            "leaf_weight": 0.0,
            "leaf_dupli_object": null,
            "leaf_size": 0.10000000149011612,
            "mesh_type": "preview"
        }
    ],
    "links": [
        {
            "from_node": "Trunk Node",
            "to_node": "Branch Node",
            "output_index": 0
        }
    ]
}