{"archipack_material": {"category": "wall2", "material": "FINISHINGS SAMPLES"}, "archipack_wall2": {"base_line": 0, "draw_direction": "CCW", "extremes": [0.0, 1.0, 0.0, 1.0, 0.0, 1.0], "finish": [], "finish2": [{"add_grout": true, "altitude": 0.0, "bevel": false, "bevel_amount": 0.0010000000474974513, "board_length": 2.0, "board_width": 0.12000000476837158, "boards_in_group": 4, "finish_name": "brick", "force_edges": false, "idmat": [4, 2], "length_spacing": 0.0020000000949949026, "length_variance": 50.0, "max_boards": 2, "mortar_depth": 0.009999999776482582, "normalize_uvs": false, "offset": 50.0, "offset_variance": 50.0, "offset_x": 0.0, "offset_y": 0.0, "offset_z": 0.0, "pattern": "regular_tile", "random_offset": false, "rotation": 0.0, "short_board_length": 2.0, "solidify": true, "spacing": 0.009999999776482582, "thickness": 0.029999999329447746, "thickness_variance": 25.0, "tile_length": 0.04999999701976776, "tile_width": 0.20000000298023224, "vary_length": false, "vary_thickness": false, "vary_width": false, "width_spacing": 0.0, "width_variance": 50.0, "x_offset": 0.0, "z": 20.0}, {"add_grout": false, "altitude": 0.0, "bevel": false, "bevel_amount": 0.0010000000474974513, "board_length": 2.0, "board_width": 0.03999999910593033, "boards_in_group": 4, "finish_name": "cladding", "force_edges": false, "idmat": [3, 1], "length_spacing": 0.0020000000949949026, "length_variance": 50.0, "max_boards": 1, "mortar_depth": 0.0, "normalize_uvs": false, "offset": 0.0, "offset_variance": 50.0, "offset_x": 0.0, "offset_y": 0.0, "offset_z": 0.03999999910593033, "pattern": "boards", "random_offset": false, "rotation": 0.7853981852531433, "short_board_length": 2.0, "solidify": true, "spacing": 0.004999999888241291, "thickness": 0.03999999910593033, "thickness_variance": 25.0, "tile_length": 0.30000001192092896, "tile_width": 0.20000000298023224, "vary_length": false, "vary_thickness": false, "vary_width": false, "width_spacing": 0.019999999552965164, "width_variance": 50.0, "x_offset": 0.0, "z": 20.0}, {"add_grout": false, "altitude": 0.0, "bevel": false, "bevel_amount": 0.0010000000474974513, "board_length": 2.0, "board_width": 0.03999999910593033, "boards_in_group": 4, "finish_name": "cladding", "force_edges": false, "idmat": [3, 1], "length_spacing": 0.0020000000949949026, "length_variance": 50.0, "max_boards": 1, "mortar_depth": 0.0, "normalize_uvs": false, "offset": 0.0, "offset_variance": 50.0, "offset_x": 0.4699999988079071, "offset_y": 0.0, "offset_z": 0.0, "pattern": "boards", "random_offset": false, "rotation": 0.0, "short_board_length": 2.0, "solidify": true, "spacing": 0.004999999888241291, "thickness": 0.03999999910593033, "thickness_variance": 25.0, "tile_length": 0.30000001192092896, "tile_width": 0.20000000298023224, "vary_length": false, "vary_thickness": false, "vary_width": false, "width_spacing": 1.0, "width_variance": 50.0, "x_offset": 0.0, "z": 20.0}, {"add_grout": true, "altitude": 0.0, "bevel": false, "bevel_amount": 0.026000000536441803, "board_length": 2.0, "board_width": 0.20000000298023224, "boards_in_group": 4, "finish_name": "boards vertical", "force_edges": false, "idmat": [3, 3], "length_spacing": 0.0020000000949949026, "length_variance": 50.0, "max_boards": 1, "mortar_depth": 0.010999999940395355, "normalize_uvs": false, "offset": 0.0, "offset_variance": 50.0, "offset_x": 0.0, "offset_y": 0.0, "offset_z": 0.0, "pattern": "boards", "random_offset": false, "rotation": 0.0, "short_board_length": 2.0, "solidify": true, "spacing": 0.004999999888241291, "thickness": 0.02499999850988388, "thickness_variance": 25.0, "tile_length": 0.30000001192092896, "tile_width": 0.20000000298023224, "vary_length": false, "vary_thickness": false, "vary_width": false, "width_spacing": 0.02199999988079071, "width_variance": 50.0, "x_offset": 0.0, "z": 20.0}, {"add_grout": true, "altitude": 0.0, "bevel": false, "bevel_amount": 0.0010000000474974513, "board_length": 0.25, "board_width": 0.05000000074505806, "boards_in_group": 4, "finish_name": "stone", "force_edges": false, "idmat": [5, 2], "length_spacing": 0.0020000003278255463, "length_variance": 50.0, "max_boards": 50, "mortar_depth": 0.0, "normalize_uvs": false, "offset": 0.0, "offset_variance": 54.529998779296875, "offset_x": 0.0, "offset_y": 0.0, "offset_z": 0.0, "pattern": "boards", "random_offset": true, "rotation": 1.5707963705062866, "short_board_length": 2.0, "solidify": true, "spacing": 0.004999999888241291, "thickness": 0.044999994337558746, "thickness_variance": 94.11764526367188, "tile_length": 0.10000000149011612, "tile_width": 0.5, "vary_length": true, "vary_thickness": true, "vary_width": true, "width_spacing": 0.0020000003278255463, "width_variance": 50.0, "x_offset": 0.0, "z": 20.0}, {"add_grout": true, "altitude": 0.10000000149011612, "bevel": true, "bevel_amount": 0.0010000000474974513, "board_length": 2.0, "board_width": 0.20000000298023224, "boards_in_group": 4, "finish_name": "tiles", "force_edges": false, "idmat": [6, 2], "length_spacing": 0.0020000000949949026, "length_variance": 50.0, "max_boards": 1, "mortar_depth": 0.0010000000474974513, "normalize_uvs": false, "offset": 0.0, "offset_variance": 50.0, "offset_x": 0.0, "offset_y": 0.0, "offset_z": 0.0, "pattern": "regular_tile", "random_offset": false, "rotation": 0.0, "short_board_length": 2.0, "solidify": true, "spacing": 0.004999999888241291, "thickness": 0.014999999664723873, "thickness_variance": 25.0, "tile_length": 0.6000000238418579, "tile_width": 0.30000001192092896, "vary_length": false, "vary_thickness": false, "vary_width": false, "width_spacing": 0.0020000000949949026, "width_variance": 50.0, "x_offset": 0.0, "z": 2.4000000953674316}, {"add_grout": true, "altitude": 0.0, "bevel": true, "bevel_amount": 0.0010000000474974513, "board_length": 2.0, "board_width": 0.20000000298023224, "boards_in_group": 4, "finish_name": "tiles", "force_edges": false, "idmat": [7, 2], "length_spacing": 0.0020000000949949026, "length_variance": 50.0, "max_boards": 1, "mortar_depth": 0.0009999998146668077, "normalize_uvs": false, "offset": 0.0, "offset_variance": 50.0, "offset_x": 0.0, "offset_y": 0.0, "offset_z": 0.0, "pattern": "regular_tile", "random_offset": false, "rotation": 0.0, "short_board_length": 2.0, "solidify": true, "spacing": 0.004999999888241291, "thickness": 0.014999999664723873, "thickness_variance": 25.0, "tile_length": 0.10000000149011612, "tile_width": 0.30000001192092896, "vary_length": false, "vary_thickness": false, "vary_width": false, "width_spacing": 0.0020000000949949026, "width_variance": 50.0, "x_offset": 0.0, "z": 0.10000000149011612}, {"add_grout": true, "altitude": 0.0, "bevel": false, "bevel_amount": 0.026000000536441803, "board_length": 2.0, "board_width": 0.20000000298023224, "boards_in_group": 4, "finish_name": "boards horizontal", "force_edges": false, "idmat": [3, 3], "length_spacing": 0.0020000000949949026, "length_variance": 50.0, "max_boards": 1, "mortar_depth": 0.010999999940395355, "normalize_uvs": false, "offset": 0.0, "offset_variance": 50.0, "offset_x": 0.0, "offset_y": 0.0, "offset_z": 0.0, "pattern": "boards", "random_offset": false, "rotation": 1.5707963705062866, "short_board_length": 2.0, "solidify": true, "spacing": 0.004999999888241291, "thickness": 0.02499999850988388, "thickness_variance": 25.0, "tile_length": 0.30000001192092896, "tile_width": 0.20000000298023224, "vary_length": false, "vary_thickness": false, "vary_width": false, "width_spacing": 0.02199999988079071, "width_variance": 50.0, "x_offset": 0.0, "z": 20.0}], "finish2_id": [5, 2], "finish_enable": true, "finish_id": [1, 0], "fit_roof": false, "idmat": [0, 1, 2, 2, 0, 0], "offset": 0.0, "snap_wall_end": true, "snap_wall_start": true, "step_angle": 0.10471975803375244, "user_defined_adaptive": false, "user_defined_angle": 0.13962633907794952, "user_defined_deviation": 0.20000000298023224, "width": 0.30000001192092896, "z": 2.700000047683716, "z_offset": 0.10000000149011612}}