{"archipack_material": {"category": "wall2", "material": "STUCCO PAINT CONCRETE", "name": ""}, "archipack_wall2": {"base_line": 0, "extremes": [0.0, 1.0, 0.0, 1.0, 0.0, 1.0], "finish": [], "finish_enable": true, "finish_id": [1, 0], "finish_inside": "1", "finish_outside": "0", "fit_roof": false, "idmat": [0, 1, 2, 2, 0, 0], "offset": 0.0, "snap_wall_end": true, "snap_wall_start": true, "step_angle": 0.10471975803375244, "width": 0.30000001192092896, "z": 2.700000047683716, "z_offset": 0.10000000149011612}}